date,h0,h1,h2,h3,h4,h5,h6,h7,h8,h9,h10,h11,h12,h13,h14,h15,h16,h17,h18,h19,h20,h21,h22,h23
2025-01-01,1.89,1.43,0.97,0.57,0.33,0.27,0.39,0.64,0.92,1.2,1.39,1.5,1.51,1.43,1.36,1.32,1.41,1.63,1.96,2.34,2.62,2.76,2.71,2.52
2025-01-02,2.2,1.76,1.29,0.83,0.46,0.29,0.29,0.48,0.76,1.05,1.3,1.46,1.53,1.5,1.41,1.33,1.31,1.43,1.68,2.04,2.4,2.64,2.73,2.64
2025-01-03,2.42,2.08,1.62,1.15,0.71,0.41,0.3,0.38,0.63,0.91,1.19,1.4,1.51,1.55,1.49,1.4,1.32,1.31,1.45,1.71,2.07,2.39,2.58,2.63
2025-01-04,2.51,2.29,1.92,1.48,1.03,0.64,0.42,0.38,0.53,0.81,1.08,1.33,1.49,1.58,1.58,1.5,1.4,1.31,1.31,1.45,1.7,2.04,2.3,2.46
2025-01-05,2.46,2.34,2.11,1.75,1.35,0.94,0.63,0.48,0.52,0.73,1.01,1.26,1.47,1.59,1.65,1.63,1.54,1.43,1.31,1.3,1.41,1.64,1.92,2.13
2025-01-06,2.25,2.23,2.12,1.91,1.59,1.25,0.91,0.68,0.62,0.71,0.95,1.22,1.45,1.62,1.71,1.75,1.71,1.61,1.45,1.31,1.26,1.32,1.5,1.71
2025-01-07,1.88,1.97,1.96,1.88,1.71,1.47,1.19,0.95,0.81,0.8,0.94,1.18,1.43,1.64,1.78,1.87,1.88,1.82,1.68,1.48,1.29,1.18,1.17,1.29
2025-01-08,1.44,1.58,1.66,1.68,1.64,1.54,1.39,1.2,1.04,0.97,1.0,1.16,1.4,1.64,1.84,1.97,2.04,2.03,1.94,1.75,1.49,1.24,1.05,0.97
2025-01-09,1.02,1.13,1.26,1.36,1.43,1.45,1.43,1.36,1.26,1.17,1.13,1.19,1.37,1.6,1.85,2.05,2.17,2.22,2.18,2.04,1.8,1.48,1.15,0.88
2025-01-10,0.74,0.73,0.83,0.97,1.11,1.24,1.34,1.39,1.38,1.33,1.28,1.27,1.34,1.53,1.77,2.04,2.24,2.36,2.38,2.3,2.12,1.81,1.43,1.04
2025-01-11,0.7,0.51,0.48,0.58,0.76,0.95,1.14,1.3,1.39,1.43,1.4,1.36,1.35,1.44,1.64,1.91,2.19,2.4,2.51,2.51,2.39,2.16,1.79,1.36
2025-01-12,0.91,0.53,0.32,0.29,0.43,0.65,0.9,1.14,1.32,1.43,1.46,1.43,1.39,1.38,1.49,1.71,2.01,2.31,2.52,2.63,2.59,2.44,2.15,1.74
2025-01-13,1.27,0.78,0.39,0.19,0.19,0.39,0.66,0.95,1.21,1.38,1.47,1.47,1.42,1.37,1.37,1.5,1.75,2.08,2.39,2.6,2.68,2.61,2.43,2.1
2025-01-14,1.66,1.16,0.66,0.3,0.13,0.2,0.45,0.76,1.07,1.3,1.45,1.49,1.44,1.38,1.31,1.34,1.5,1.78,2.14,2.44,2.63,2.68,2.57,2.36
2025-01-15,1.99,1.53,1.02,0.55,0.25,0.15,0.3,0.59,0.92,1.22,1.4,1.5,1.48,1.4,1.32,1.26,1.33,1.51,1.83,2.19,2.46,2.61,2.61,2.48
2025-01-16,2.23,1.83,1.37,0.88,0.47,0.25,0.25,0.48,0.8,1.12,1.36,1.49,1.53,1.45,1.36,1.26,1.23,1.33,1.55,1.89,2.21,2.44,2.53,2.48
2025-01-17,2.33,2.03,1.63,1.19,0.74,0.44,0.32,0.44,0.71,1.02,1.31,1.48,1.55,1.53,1.42,1.32,1.22,1.23,1.36,1.61,1.93,2.2,2.36,2.39
2025-01-18,2.3,2.11,1.8,1.42,1.01,0.66,0.47,0.47,0.67,0.96,1.25,1.46,1.56,1.59,1.52,1.4,1.29,1.22,1.25,1.4,1.65,1.93,2.12,2.22
2025-01-19,2.19,2.07,1.86,1.55,1.21,0.88,0.65,0.58,0.68,0.93,1.2,1.44,1.58,1.63,1.61,1.52,1.4,1.29,1.23,1.29,1.43,1.65,1.86,1.98
2025-01-20,2.01,1.94,1.81,1.6,1.34,1.07,0.84,0.73,0.76,0.93,1.18,1.42,1.59,1.68,1.69,1.64,1.53,1.42,1.31,1.26,1.3,1.42,1.58,1.71
2025-01-21,1.77,1.75,1.67,1.55,1.38,1.19,1.01,0.89,0.87,0.98,1.17,1.4,1.59,1.72,1.77,1.75,1.68,1.57,1.44,1.32,1.26,1.27,1.34,1.43
2025-01-22,1.5,1.51,1.49,1.43,1.34,1.24,1.13,1.04,1.0,1.05,1.19,1.38,1.58,1.74,1.83,1.86,1.82,1.74,1.61,1.46,1.32,1.22,1.19,1.2
2025-01-23,1.23,1.26,1.26,1.26,1.24,1.22,1.19,1.15,1.13,1.14,1.22,1.36,1.54,1.72,1.86,1.95,1.96,1.91,1.8,1.64,1.45,1.27,1.13,1.05
2025-01-24,1.0,1.0,1.02,1.05,1.1,1.15,1.19,1.22,1.23,1.24,1.27,1.36,1.49,1.67,1.85,1.99,2.07,2.07,2.0,1.85,1.65,1.42,1.18,0.99
2025-01-25,0.86,0.79,0.78,0.83,0.91,1.03,1.14,1.24,1.29,1.32,1.33,1.36,1.44,1.58,1.77,1.97,2.13,2.21,2.2,2.09,1.89,1.63,1.34,1.05
2025-01-26,0.82,0.66,0.59,0.61,0.71,0.87,1.04,1.2,1.32,1.38,1.38,1.37,1.39,1.48,1.64,1.87,2.1,2.28,2.36,2.32,2.16,1.91,1.59,1.23
2025-01-27,0.9,0.63,0.47,0.42,0.51,0.68,0.9,1.12,1.3,1.41,1.43,1.4,1.37,1.38,1.49,1.69,1.96,2.24,2.43,2.5,2.42,2.21,1.9,1.51
2025-01-28,1.11,0.73,0.45,0.31,0.33,0.49,0.73,1.01,1.24,1.4,1.47,1.44,1.37,1.31,1.33,1.47,1.73,2.07,2.37,2.57,2.61,2.49,2.23,1.86
2025-01-29,1.42,0.97,0.56,0.31,0.22,0.32,0.57,0.86,1.16,1.37,1.49,1.49,1.41,1.3,1.22,1.26,1.45,1.77,2.17,2.49,2.67,2.67,2.51,2.21
2025-01-30,1.78,1.3,0.82,0.42,0.22,0.22,0.42,0.72,1.04,1.32,1.48,1.55,1.48,1.34,1.21,1.12,1.2,1.44,1.82,2.25,2.55,2.71,2.67,2.48
2025-01-31,2.13,1.66,1.16,0.67,0.34,0.22,0.32,0.61,0.94,1.25,1.47,1.58,1.58,1.45,1.27,1.1,1.03,1.15,1.43,1.87,2.28,2.56,2.67,2.59
2025-02-01,2.37,1.98,1.5,1.0,0.56,0.32,0.31,0.52,0.86,1.19,1.46,1.61,1.66,1.59,1.41,1.21,1.01,0.97,1.11,1.44,1.88,2.24,2.48,2.54
2025-02-02,2.43,2.19,1.78,1.32,0.86,0.52,0.4,0.5,0.8,1.14,1.44,1.65,1.73,1.73,1.6,1.39,1.16,0.96,0.94,1.09,1.43,1.82,2.12,2.3
2025-02-03,2.31,2.19,1.94,1.56,1.16,0.78,0.57,0.57,0.77,1.11,1.42,1.67,1.81,1.84,1.79,1.62,1.39,1.13,0.94,0.92,1.07,1.37,1.68,1.91
2025-02-04,2.03,2.01,1.9,1.67,1.37,1.06,0.81,0.73,0.82,1.07,1.4,1.67,1.86,1.94,1.93,1.84,1.66,1.42,1.15,0.96,0.91,1.01,1.23,1.45
2025-02-05,1.62,1.7,1.69,1.61,1.44,1.25,1.05,0.93,0.95,1.09,1.36,1.64,1.86,2.0,2.04,2.01,1.91,1.72,1.47,1.19,0.98,0.88,0.91,1.03
2025-02-06,1.18,1.29,1.36,1.38,1.36,1.3,1.22,1.13,1.11,1.18,1.33,1.57,1.8,1.99,2.09,2.12,2.09,1.99,1.81,1.54,1.25,0.99,0.81,0.76
2025-02-07,0.8,0.88,0.98,1.07,1.15,1.21,1.25,1.26,1.26,1.29,1.36,1.5,1.7,1.89,2.06,2.16,2.2,2.18,2.08,1.89,1.61,1.28,0.97,0.72
2025-02-08,0.59,0.56,0.63,0.74,0.88,1.03,1.17,1.28,1.35,1.39,1.42,1.46,1.57,1.73,1.92,2.09,2.22,2.28,2.27,2.17,1.97,1.66,1.29,0.91
2025-02-09,0.6,0.42,0.37,0.46,0.62,0.82,1.04,1.22,1.36,1.44,1.45,1.45,1.46,1.55,1.7,1.91,2.12,2.28,2.37,2.36,2.25,2.02,1.67,1.26
2025-02-10,0.83,0.48,0.28,0.26,0.4,0.62,0.89,1.13,1.32,1.44,1.47,1.45,1.4,1.39,1.47,1.64,1.9,2.16,2.36,2.45,2.43,2.29,2.02,1.63
2025-02-11,1.18,0.72,0.37,0.2,0.24,0.46,0.74,1.04,1.28,1.43,1.5,1.46,1.38,1.3,1.28,1.37,1.6,1.92,2.21,2.42,2.51,2.45,2.28,1.96
2025-02-12,1.53,1.05,0.59,0.29,0.19,0.34,0.62,0.95,1.24,1.43,1.52,1.5,1.4,1.28,1.16,1.17,1.31,1.6,1.97,2.27,2.46,2.51,2.42,2.2
2025-02-13,1.83,1.38,0.89,0.48,0.26,0.28,0.53,0.86,1.19,1.43,1.55,1.57,1.46,1.31,1.15,1.05,1.1,1.3,1.66,2.03,2.31,2.46,2.45,2.32
2025-02-14,2.04,1.64,1.18,0.73,0.42,0.33,0.47,0.79,1.14,1.43,1.59,1.63,1.56,1.39,1.21,1.04,0.98,1.09,1.35,1.73,2.07,2.3,2.38,2.32
2025-02-15,2.14,1.81,1.41,0.97,0.61,0.44,0.49,0.75,1.09,1.41,1.62,1.7,1.66,1.52,1.31,1.11,0.95,0.96,1.12,1.44,1.79,2.06,2.22,2.23
2025-02-16,2.13,1.9,1.56,1.18,0.81,0.59,0.57,0.74,1.06,1.38,1.64,1.76,1.75,1.65,1.45,1.23,1.03,0.92,0.98,1.19,1.5,1.8,1.99,2.07
2025-02-17,2.02,1.88,1.63,1.31,1.0,0.75,0.68,0.78,1.05,1.37,1.63,1.8,1.83,1.76,1.6,1.39,1.17,0.99,0.93,1.03,1.24,1.51,1.72,1.84
2025-02-18,1.86,1.77,1.62,1.38,1.13,0.92,0.81,0.86,1.06,1.35,1.62,1.82,1.9,1.86,1.74,1.56,1.34,1.13,0.98,0.96,1.07,1.25,1.45,1.58
2025-02-19,1.64,1.61,1.52,1.38,1.21,1.05,0.95,0.96,1.1,1.33,1.6,1.81,1.93,1.94,1.87,1.72,1.53,1.32,1.12,1.0,0.99,1.07,1.19,1.31
2025-02-20,1.38,1.4,1.37,1.31,1.22,1.14,1.08,1.08,1.16,1.33,1.55,1.76,1.92,1.98,1.96,1.87,1.71,1.53,1.32,1.14,1.02,0.98,1.01,1.07
2025-02-21,1.13,1.16,1.17,1.18,1.17,1.17,1.17,1.18,1.24,1.35,1.51,1.7,1.86,1.97,2.01,1.99,1.89,1.75,1.56,1.35,1.16,1.01,0.92,0.89
2025-02-22,0.9,0.92,0.95,1.01,1.07,1.14,1.21,1.26,1.32,1.39,1.48,1.61,1.76,1.9,2.0,2.05,2.04,1.96,1.81,1.61,1.38,1.15,0.95,0.82
2025-02-23,0.74,0.71,0.73,0.81,0.93,1.06,1.2,1.31,1.38,1.43,1.47,1.53,1.63,1.76,1.91,2.04,2.13,2.14,2.06,1.9,1.66,1.39,1.11,0.86
2025-02-24,0.67,0.56,0.54,0.6,0.75,0.94,1.14,1.31,1.42,1.47,1.48,1.47,1.5,1.58,1.73,1.92,2.11,2.24,2.27,2.18,1.99,1.71,1.38,1.04
2025-02-25,0.73,0.51,0.4,0.42,0.57,0.79,1.05,1.27,1.43,1.51,1.5,1.45,1.39,1.39,1.49,1.69,1.96,2.21,2.38,2.41,2.3,2.07,1.73,1.34
2025-02-26,0.94,0.59,0.37,0.3,0.4,0.64,0.93,1.22,1.43,1.55,1.55,1.46,1.34,1.23,1.24,1.39,1.66,2.02,2.32,2.51,2.53,2.39,2.12,1.71
2025-02-27,1.26,0.81,0.45,0.27,0.28,0.5,0.81,1.14,1.42,1.58,1.63,1.54,1.37,1.19,1.04,1.08,1.29,1.66,2.09,2.42,2.6,2.59,2.42,2.1
2025-02-28,1.64,1.15,0.67,0.35,0.26,0.39,0.71,1.07,1.4,1.62,1.71,1.67,1.49,1.25,1.0,0.86,0.94,1.22,1.68,2.13,2.46,2.62,2.58,2.38
2025-03-01,1.99,1.51,1.0,0.56,0.34,0.36,0.63,1.02,1.38,1.67,1.81,1.81,1.68,1.41,1.11,0.82,0.71,0.84,1.19,1.69,2.12,2.42,2.53,2.46
2025-03-02,2.23,1.82,1.34,0.86,0.52,0.43,0.59,0.96,1.36,1.69,1.91,1.95,1.88,1.65,1.32,0.97,0.68,0.61,0.79,1.18,1.66,2.03,2.28,2.35
2025-03-03,2.26,2.0,1.59,1.17,0.77,0.58,0.64,0.91,1.33,1.7,1.97,2.08,2.05,1.91,1.61,1.26,0.88,0.61,0.58,0.77,1.16,1.56,1.87,2.05
2025-03-04,2.08,1.98,1.73,1.39,1.05,0.79,0.76,0.93,1.27,1.67,1.97,2.16,2.19,2.1,1.9,1.58,1.22,0.84,0.61,0.59,0.77,1.09,1.4,1.63
2025-03-05,1.76,1.77,1.68,1.48,1.24,1.03,0.92,1.01,1.24,1.6,1.93,2.15,2.25,2.22,2.11,1.89,1.58,1.22,0.88,0.67,0.62,0.75,0.97,1.18
2025-03-06,1.35,1.44,1.47,1.42,1.32,1.2,1.11,1.13,1.27,1.52,1.82,2.06,2.21,2.26,2.21,2.09,1.89,1.61,1.28,0.96,0.74,0.64,0.69,0.81
2025-03-07,0.95,1.07,1.16,1.23,1.26,1.26,1.26,1.27,1.35,1.49,1.69,1.91,2.08,2.18,2.21,2.18,2.09,1.92,1.68,1.37,1.06,0.8,0.64,0.6
2025-03-08,0.64,0.73,0.85,0.97,1.1,1.21,1.3,1.37,1.43,1.51,1.6,1.74,1.88,2.01,2.11,2.16,2.16,2.11,1.98,1.77,1.46,1.14,0.83,0.61
2025-03-09,0.5,0.49,0.58,0.72,0.9,1.09,1.26,1.4,1.49,1.53,1.56,1.59,1.67,1.77,1.9,2.03,2.13,2.18,2.17,2.06,1.84,1.53,1.17,0.82
2025-03-10,0.54,0.4,0.4,0.52,0.72,0.95,1.19,1.37,1.5,1.56,1.55,1.51,1.48,1.52,1.63,1.81,2.0,2.15,2.24,2.23,2.12,1.88,1.54,1.14
2025-03-11,0.75,0.46,0.33,0.38,0.58,0.84,1.12,1.35,1.5,1.58,1.56,1.47,1.37,1.31,1.36,1.51,1.76,2.01,2.2,2.3,2.28,2.14,1.86,1.48
2025-03-12,1.06,0.66,0.4,0.33,0.48,0.75,1.06,1.34,1.52,1.61,1.6,1.49,1.33,1.18,1.13,1.22,1.45,1.77,2.05,2.26,2.33,2.28,2.1,1.77
2025-03-13,1.36,0.92,0.56,0.38,0.43,0.68,1.01,1.33,1.56,1.67,1.67,1.55,1.37,1.16,1.0,0.99,1.15,1.46,1.81,2.1,2.28,2.32,2.22,1.98
2025-03-14,1.62,1.19,0.77,0.51,0.45,0.62,0.96,1.31,1.59,1.75,1.77,1.67,1.46,1.22,0.98,0.85,0.91,1.15,1.52,1.87,2.13,2.26,2.24,2.1
2025-03-15,1.8,1.42,1.01,0.67,0.54,0.62,0.91,1.28,1.6,1.82,1.87,1.8,1.61,1.33,1.05,0.82,0.77,0.9,1.21,1.59,1.9,2.11,2.17,2.11
2025-03-16,1.91,1.58,1.21,0.86,0.66,0.67,0.89,1.26,1.6,1.86,1.96,1.92,1.76,1.49,1.19,0.9,0.72,0.74,0.94,1.29,1.63,1.88,2.02,2.03
2025-03-17,1.92,1.68,1.36,1.04,0.8,0.76,0.91,1.23,1.59,1.87,2.03,2.03,1.91,1.67,1.36,1.04,0.78,0.68,0.77,1.02,1.35,1.62,1.81,1.88
2025-03-18,1.84,1.7,1.45,1.18,0.95,0.86,0.96,1.21,1.57,1.87,2.07,2.12,2.03,1.83,1.55,1.23,0.93,0.72,0.69,0.82,1.08,1.35,1.56,1.68
2025-03-19,1.7,1.64,1.48,1.28,1.09,0.98,1.02,1.22,1.52,1.84,2.06,2.16,2.13,1.97,1.73,1.43,1.13,0.86,0.72,0.73,0.87,1.1,1.3,1.44
2025-03-20,1.51,1.51,1.44,1.32,1.19,1.11,1.11,1.24,1.48,1.77,2.02,2.16,2.18,2.08,1.9,1.64,1.35,1.07,0.85,0.75,0.77,0.89,1.05,1.19
2025-03-21,1.29,1.33,1.34,1.3,1.25,1.21,1.21,1.29,1.46,1.69,1.93,2.09,2.17,2.14,2.02,1.83,1.59,1.32,1.07,0.88,0.78,0.78,0.86,0.96
2025-03-22,1.05,1.12,1.18,1.22,1.25,1.27,1.3,1.36,1.47,1.63,1.81,1.98,2.09,2.13,2.09,1.99,1.81,1.59,1.34,1.1,0.91,0.79,0.75,0.77
2025-03-23,0.82,0.9,0.98,1.09,1.19,1.28,1.36,1.43,1.51,1.59,1.7,1.83,1.95,2.04,2.09,2.08,2.0,1.85,1.64,1.39,1.14,0.92,0.76,0.67
2025-03-24,0.65,0.69,0.78,0.92,1.08,1.24,1.38,1.48,1.54,1.58,1.61,1.67,1.76,1.87,1.99,2.08,2.12,2.07,1.94,1.73,1.46,1.18,0.91,0.69
2025-03-25,0.57,0.53,0.6,0.74,0.94,1.17,1.37,1.51,1.59,1.59,1.56,1.52,1.54,1.62,1.77,1.95,2.11,2.21,2.19,2.06,1.83,1.52,1.18,0.86
2025-03-26,0.6,0.46,0.45,0.58,0.81,1.08,1.34,1.53,1.64,1.64,1.56,1.45,1.34,1.34,1.45,1.68,1.95,2.18,2.32,2.31,2.17,1.9,1.54,1.15
2025-03-27,0.77,0.5,0.39,0.46,0.69,0.99,1.3,1.55,1.7,1.73,1.63,1.45,1.25,1.1,1.11,1.28,1.61,1.97,2.26,2.42,2.4,2.24,1.93,1.52
2025-03-28,1.08,0.68,0.44,0.41,0.59,0.92,1.27,1.59,1.79,1.85,1.78,1.56,1.29,1.0,0.83,0.88,1.14,1.56,1.98,2.3,2.45,2.42,2.24,1.88
2025-03-29,1.44,0.98,0.6,0.45,0.54,0.84,1.25,1.61,1.89,2.0,1.97,1.78,1.46,1.09,0.75,0.59,0.7,1.04,1.52,1.96,2.27,2.41,2.36,2.15
2025-03-30,1.76,1.32,0.88,0.59,0.57,0.79,1.2,1.63,1.96,2.16,2.17,2.04,1.74,1.33,0.9,0.53,0.42,0.58,0.98,1.47,1.88,2.17,2.27,2.21
2025-03-31,1.98,1.6,1.19,0.83,0.68,0.8,1.13,1.6,1.99,2.26,2.35,2.27,2.06,1.67,1.21,0.73,0.39,0.33,0.52,0.94,1.39,1.75,1.99,2.07
2025-04-01,2.0,1.76,1.42,1.1,0.86,0.87,1.1,1.51,1.96,2.27,2.45,2.45,2.31,2.02,1.59,1.11,0.63,0.34,0.31,0.51,0.9,1.27,1.57,1.77
2025-04-02,1.82,1.76,1.55,1.3,1.08,0.99,1.12,1.42,1.84,2.21,2.44,2.53,2.45,2.27,1.95,1.52,1.05,0.62,0.38,0.34,0.53,0.84,1.13,1.37
2025-04-03,1.52,1.58,1.54,1.4,1.26,1.15,1.19,1.39,1.69,2.06,2.32,2.47,2.49,2.39,2.2,1.88,1.49,1.06,0.68,0.46,0.41,0.55,0.76,0.98
2025-04-04,1.17,1.3,1.38,1.38,1.34,1.3,1.3,1.41,1.6,1.86,2.13,2.3,2.39,2.37,2.28,2.11,1.85,1.51,1.13,0.79,0.56,0.48,0.54,0.67
2025-04-05,0.84,1.01,1.15,1.26,1.33,1.37,1.41,1.47,1.57,1.71,1.9,2.07,2.18,2.24,2.23,2.18,2.06,1.85,1.56,1.22,0.9,0.65,0.52,0.52
2025-04-06,0.6,0.74,0.91,1.08,1.24,1.37,1.47,1.54,1.59,1.64,1.71,1.81,1.91,2.01,2.08,2.12,2.11,2.04,1.88,1.63,1.31,0.99,0.71,0.54
2025-04-07,0.49,0.56,0.71,0.91,1.12,1.32,1.47,1.58,1.62,1.62,1.6,1.6,1.64,1.73,1.84,1.96,2.05,2.09,2.05,1.92,1.68,1.36,1.02,0.71
2025-04-08,0.53,0.48,0.58,0.77,1.01,1.25,1.46,1.6,1.66,1.64,1.57,1.47,1.41,1.44,1.55,1.72,1.89,2.03,2.1,2.07,1.93,1.68,1.34,0.99
2025-04-09,0.68,0.52,0.52,0.68,0.94,1.21,1.46,1.63,1.71,1.69,1.59,1.43,1.28,1.2,1.26,1.42,1.65,1.87,2.04,2.11,2.06,1.9,1.62,1.27
2025-04-10,0.91,0.64,0.54,0.63,0.88,1.19,1.47,1.68,1.78,1.78,1.66,1.46,1.24,1.06,1.01,1.12,1.36,1.64,1.88,2.05,2.09,2.02,1.82,1.51
2025-04-11,1.16,0.83,0.63,0.64,0.84,1.16,1.49,1.74,1.88,1.89,1.78,1.56,1.29,1.02,0.86,0.86,1.04,1.35,1.65,1.9,2.04,2.05,1.94,1.7
2025-04-12,1.38,1.03,0.77,0.69,0.82,1.13,1.48,1.79,1.98,2.02,1.92,1.71,1.41,1.09,0.81,0.7,0.78,1.04,1.37,1.67,1.89,1.99,1.97,1.82
2025-04-13,1.54,1.23,0.93,0.79,0.85,1.09,1.46,1.81,2.05,2.14,2.07,1.89,1.58,1.22,0.88,0.65,0.61,0.77,1.07,1.4,1.67,1.85,1.91,1.85
2025-04-14,1.66,1.38,1.1,0.9,0.9,1.08,1.43,1.8,2.08,2.23,2.21,2.05,1.77,1.41,1.03,0.7,0.54,0.58,0.8,1.13,1.42,1.65,1.79,1.8
2025-04-15,1.71,1.49,1.25,1.04,0.97,1.1,1.38,1.76,2.08,2.27,2.31,2.19,1.96,1.62,1.22,0.85,0.58,0.5,0.61,0.87,1.17,1.42,1.61,1.69
2025-04-16,1.68,1.55,1.35,1.17,1.06,1.12,1.35,1.69,2.04,2.27,2.37,2.31,2.11,1.82,1.44,1.06,0.72,0.52,0.52,0.66,0.92,1.18,1.39,1.53
2025-04-17,1.58,1.54,1.41,1.27,1.17,1.17,1.33,1.61,1.95,2.22,2.37,2.37,2.24,2.0,1.67,1.3,0.94,0.66,0.53,0.56,0.72,0.95,1.15,1.32
2025-04-18,1.43,1.46,1.43,1.34,1.27,1.25,1.34,1.55,1.83,2.11,2.3,2.37,2.31,2.14,1.88,1.55,1.2,0.88,0.65,0.56,0.6,0.75,0.93,1.1
2025-04-19,1.24,1.33,1.38,1.37,1.34,1.34,1.39,1.52,1.72,1.96,2.18,2.29,2.31,2.22,2.04,1.78,1.47,1.15,0.87,0.67,0.59,0.62,0.74,0.88
2025-04-20,1.03,1.15,1.26,1.34,1.38,1.41,1.45,1.53,1.65,1.81,2.0,2.14,2.22,2.22,2.13,1.98,1.74,1.46,1.16,0.9,0.71,0.61,0.62,0.7
2025-04-21,0.82,0.96,1.11,1.25,1.37,1.45,1.52,1.56,1.62,1.69,1.8,1.93,2.05,2.13,2.14,2.09,1.97,1.76,1.5,1.2,0.94,0.72,0.6,0.58
2025-04-22,0.65,0.78,0.94,1.13,1.31,1.46,1.57,1.62,1.63,1.62,1.63,1.69,1.79,1.92,2.03,2.1,2.1,2.01,1.82,1.56,1.26,0.97,0.72,0.57
2025-04-23,0.55,0.63,0.8,1.01,1.24,1.46,1.61,1.68,1.67,1.61,1.52,1.46,1.49,1.6,1.78,1.96,2.09,2.14,2.08,1.9,1.62,1.3,0.98,0.7
2025-04-24,0.55,0.54,0.68,0.92,1.19,1.45,1.66,1.77,1.77,1.67,1.5,1.32,1.21,1.23,1.39,1.64,1.91,2.1,2.19,2.13,1.96,1.66,1.31,0.96
2025-04-25,0.67,0.55,0.61,0.83,1.15,1.47,1.73,1.89,1.92,1.82,1.6,1.33,1.06,0.91,0.96,1.18,1.52,1.85,2.09,2.2,2.15,1.97,1.66,1.29
2025-04-26,0.93,0.67,0.62,0.77,1.1,1.48,1.81,2.03,2.11,2.04,1.82,1.48,1.11,0.77,0.62,0.7,1.0,1.41,1.78,2.05,2.16,2.12,1.93,1.61
2025-04-27,1.24,0.9,0.71,0.77,1.04,1.46,1.86,2.16,2.31,2.28,2.11,1.78,1.34,0.88,0.5,0.37,0.5,0.86,1.31,1.68,1.96,2.07,2.03,1.84
2025-04-28,1.52,1.18,0.9,0.83,1.0,1.37,1.84,2.22,2.46,2.52,2.4,2.13,1.7,1.19,0.68,0.3,0.21,0.37,0.77,1.2,1.57,1.83,1.93,1.9
2025-04-29,1.7,1.42,1.14,0.96,1.02,1.28,1.72,2.18,2.49,2.66,2.62,2.44,2.1,1.6,1.06,0.53,0.19,0.13,0.32,0.71,1.1,1.44,1.68,1.78
2025-04-30,1.75,1.56,1.34,1.14,1.08,1.24,1.57,2.03,2.41,2.65,2.73,2.63,2.4,2.01,1.51,0.96,0.46,0.18,0.13,0.33,0.68,1.01,1.32,1.53
2025-05-01,1.62,1.6,1.45,1.31,1.2,1.25,1.47,1.81,2.22,2.51,2.67,2.68,2.55,2.31,1.91,1.44,0.92,0.48,0.23,0.19,0.38,0.66,0.95,1.22
2025-05-02,1.4,1.5,1.48,1.4,1.34,1.31,1.43,1.65,1.96,2.28,2.48,2.58,2.55,2.42,2.19,1.83,1.4,0.93,0.55,0.32,0.29,0.44,0.66,0.91
2025-05-03,1.14,1.31,1.41,1.43,1.42,1.41,1.44,1.56,1.75,2.0,2.22,2.36,2.42,2.38,2.28,2.07,1.77,1.39,0.98,0.65,0.43,0.39,0.49,0.68
2025-05-04,0.9,1.1,1.27,1.39,1.45,1.49,1.51,1.55,1.63,1.75,1.92,2.07,2.17,2.22,2.2,2.14,1.98,1.73,1.41,1.05,0.74,0.53,0.47,0.55
2025-05-05,0.71,0.92,1.12,1.3,1.44,1.53,1.58,1.6,1.6,1.62,1.67,1.77,1.87,1.97,2.03,2.06,2.03,1.91,1.71,1.42,1.1,0.81,0.6,0.54
2025-05-06,0.61,0.78,0.99,1.2,1.4,1.55,1.64,1.67,1.63,1.58,1.52,1.52,1.58,1.67,1.78,1.88,1.94,1.95,1.86,1.68,1.42,1.12,0.84,0.66
2025-05-07,0.61,0.71,0.9,1.14,1.37,1.56,1.69,1.74,1.71,1.61,1.48,1.37,1.32,1.37,1.49,1.64,1.77,1.86,1.89,1.81,1.64,1.39,1.1,0.85
2025-05-08,0.7,0.7,0.85,1.09,1.36,1.59,1.76,1.83,1.8,1.69,1.51,1.31,1.16,1.12,1.19,1.35,1.54,1.7,1.81,1.83,1.75,1.58,1.33,1.07
2025-05-09,0.85,0.76,0.84,1.06,1.35,1.62,1.83,1.94,1.93,1.81,1.6,1.35,1.1,0.94,0.93,1.05,1.25,1.47,1.65,1.77,1.78,1.7,1.51,1.26
2025-05-10,1.02,0.86,0.86,1.04,1.33,1.65,1.9,2.05,2.07,1.97,1.76,1.46,1.15,0.88,0.75,0.78,0.95,1.2,1.44,1.63,1.73,1.73,1.63,1.43
2025-05-11,1.19,0.99,0.92,1.03,1.29,1.64,1.94,2.14,2.21,2.13,1.94,1.63,1.27,0.92,0.67,0.59,0.69,0.92,1.19,1.43,1.61,1.7,1.68,1.55
2025-05-12,1.34,1.14,1.01,1.05,1.26,1.59,1.94,2.2,2.32,2.29,2.12,1.83,1.46,1.06,0.71,0.51,0.5,0.66,0.92,1.19,1.43,1.6,1.66,1.61
2025-05-13,1.46,1.27,1.11,1.08,1.23,1.52,1.89,2.2,2.38,2.41,2.29,2.04,1.68,1.26,0.86,0.55,0.42,0.47,0.68,0.96,1.22,1.44,1.57,1.61
2025-05-14,1.53,1.37,1.22,1.14,1.22,1.45,1.79,2.15,2.39,2.49,2.42,2.22,1.91,1.5,1.08,0.69,0.44,0.38,0.48,0.73,0.99,1.24,1.44,1.54
2025-05-15,1.54,1.44,1.31,1.21,1.22,1.39,1.67,2.03,2.33,2.49,2.51,2.36,2.11,1.75,1.32,0.91,0.57,0.39,0.39,0.54,0.79,1.03,1.26,1.42
2025-05-16,1.5,1.48,1.38,1.3,1.26,1.35,1.57,1.87,2.2,2.42,2.51,2.46,2.26,1.97,1.59,1.18,0.8,0.51,0.39,0.42,0.6,0.83,1.06,1.26
2025-05-17,1.39,1.46,1.43,1.37,1.33,1.35,1.49,1.72,2.01,2.28,2.43,2.47,2.36,2.15,1.84,1.46,1.08,0.73,0.5,0.41,0.47,0.65,0.86,1.08
2025-05-18,1.25,1.37,1.43,1.42,1.4,1.4,1.46,1.61,1.81,2.07,2.27,2.38,2.37,2.25,2.04,1.74,1.38,1.02,0.7,0.51,0.44,0.52,0.69,0.89
2025-05-19,1.09,1.25,1.38,1.45,1.47,1.48,1.49,1.54,1.66,1.83,2.04,2.2,2.28,2.26,2.16,1.96,1.67,1.34,1.0,0.71,0.54,0.48,0.57,0.73
2025-05-20,0.92,1.12,1.29,1.43,1.51,1.55,1.55,1.54,1.56,1.62,1.76,1.92,2.07,2.16,2.16,2.08,1.91,1.65,1.34,1.01,0.74,0.57,0.53,0.62
2025-05-21,0.78,0.99,1.2,1.39,1.54,1.62,1.64,1.6,1.54,1.49,1.5,1.6,1.75,1.91,2.02,2.07,2.03,1.88,1.65,1.35,1.04,0.78,0.61,0.59
2025-05-22,0.69,0.89,1.13,1.36,1.56,1.7,1.76,1.72,1.61,1.46,1.34,1.29,1.37,1.53,1.73,1.89,1.98,1.98,1.87,1.66,1.37,1.08,0.82,0.67
2025-05-23,0.67,0.82,1.07,1.35,1.61,1.8,1.9,1.89,1.77,1.55,1.31,1.1,1.02,1.09,1.28,1.54,1.75,1.89,1.93,1.85,1.66,1.39,1.11,0.87
2025-05-24,0.74,0.8,1.02,1.34,1.66,1.91,2.07,2.1,2.0,1.77,1.45,1.11,0.83,0.72,0.8,1.04,1.35,1.61,1.8,1.87,1.81,1.65,1.39,1.13
2025-05-25,0.92,0.85,0.99,1.28,1.67,2.0,2.23,2.33,2.27,2.07,1.74,1.31,0.89,0.55,0.44,0.54,0.83,1.18,1.48,1.7,1.79,1.77,1.62,1.38
2025-05-26,1.15,0.98,1.0,1.22,1.59,2.01,2.33,2.51,2.53,2.39,2.1,1.67,1.17,0.68,0.32,0.22,0.34,0.67,1.04,1.36,1.6,1.71,1.71,1.57
2025-05-27,1.36,1.17,1.06,1.17,1.46,1.88,2.3,2.58,2.71,2.65,2.44,2.09,1.58,1.04,0.51,0.17,0.07,0.23,0.57,0.93,1.27,1.51,1.64,1.64
2025-05-28,1.51,1.34,1.19,1.17,1.35,1.68,2.13,2.5,2.73,2.8,2.68,2.43,2.03,1.5,0.93,0.41,0.09,0.02,0.2,0.54,0.89,1.22,1.45,1.57
2025-05-29,1.57,1.45,1.32,1.23,1.29,1.51,1.86,2.28,2.59,2.76,2.77,2.63,2.37,1.94,1.42,0.86,0.37,0.1,0.04,0.24,0.56,0.9,1.21,1.41
2025-05-30,1.53,1.51,1.42,1.33,1.29,1.4,1.63,1.97,2.33,2.57,2.7,2.67,2.52,2.25,1.83,1.34,0.81,0.39,0.15,0.13,0.34,0.63,0.95,1.22
2025-05-31,1.4,1.49,1.47,1.41,1.36,1.36,1.48,1.7,2.01,2.29,2.48,2.56,2.51,2.38,2.11,1.72,1.27,0.8,0.44,0.24,0.26,0.46,0.73,1.02
2025-06-01,1.24,1.4,1.48,1.47,1.44,1.41,1.43,1.53,1.72,1.97,2.18,2.33,2.37,2.33,2.21,1.96,1.62,1.21,0.81,0.51,0.36,0.41,0.6,0.85
2025-06-02,1.1,1.3,1.44,1.51,1.52,1.5,1.46,1.47,1.54,1.68,1.87,2.02,2.13,2.17,2.13,2.03,1.81,1.52,1.17,0.83,0.59,0.49,0.56,0.74
2025-06-03,0.97,1.2,1.38,1.51,1.58,1.59,1.56,1.5,1.48,1.5,1.59,1.72,1.84,1.92,1.96,1.94,1.86,1.68,1.43,1.14,0.86,0.67,0.62,0.71
2025-06-04,0.89,1.12,1.33,1.5,1.62,1.68,1.66,1.6,1.51,1.43,1.4,1.44,1.53,1.63,1.71,1.76,1.77,1.71,1.57,1.37,1.12,0.91,0.77,0.75
2025-06-05,0.87,1.07,1.3,1.51,1.66,1.76,1.78,1.72,1.61,1.45,1.33,1.25,1.25,1.33,1.43,1.53,1.6,1.63,1.6,1.49,1.32,1.12,0.95,0.86
2025-06-06,0.89,1.04,1.27,1.51,1.71,1.85,1.91,1.86,1.74,1.55,1.34,1.16,1.06,1.05,1.13,1.25,1.37,1.47,1.53,1.52,1.44,1.3,1.13,1.0
2025-06-07,0.95,1.04,1.24,1.5,1.75,1.94,2.03,2.02,1.9,1.7,1.44,1.18,0.96,0.85,0.86,0.96,1.12,1.27,1.4,1.48,1.48,1.42,1.29,1.14
2025-06-08,1.05,1.06,1.21,1.47,1.75,2.0,2.14,2.18,2.08,1.89,1.61,1.28,0.98,0.75,0.66,0.7,0.85,1.04,1.22,1.38,1.47,1.47,1.4,1.27
2025-06-09,1.15,1.11,1.19,1.41,1.71,2.01,2.22,2.31,2.26,2.09,1.82,1.46,1.1,0.77,0.56,0.51,0.6,0.79,1.01,1.22,1.39,1.47,1.47,1.38
2025-06-10,1.26,1.17,1.19,1.35,1.63,1.96,2.24,2.4,2.41,2.28,2.04,1.69,1.29,0.9,0.59,0.42,0.41,0.56,0.79,1.03,1.26,1.42,1.49,1.45
2025-06-11,1.35,1.24,1.2,1.29,1.52,1.84,2.18,2.41,2.51,2.45,2.25,1.94,1.54,1.12,0.72,0.44,0.33,0.38,0.58,0.83,1.09,1.31,1.45,1.49
2025-06-12,1.42,1.32,1.24,1.25,1.41,1.69,2.04,2.35,2.53,2.56,2.43,2.18,1.81,1.38,0.95,0.57,0.35,0.29,0.4,0.64,0.9,1.17,1.36,1.47
2025-06-13,1.47,1.38,1.3,1.25,1.32,1.53,1.84,2.2,2.46,2.58,2.55,2.36,2.07,1.67,1.22,0.8,0.46,0.3,0.29,0.47,0.72,0.99,1.24,1.4
2025-06-14,1.48,1.45,1.36,1.3,1.28,1.41,1.64,1.97,2.29,2.5,2.57,2.48,2.27,1.95,1.52,1.09,0.68,0.4,0.29,0.35,0.56,0.82,1.09,1.3
2025-06-15,1.43,1.48,1.43,1.36,1.31,1.33,1.48,1.72,2.04,2.32,2.48,2.51,2.39,2.16,1.81,1.39,0.97,0.6,0.38,0.32,0.44,0.68,0.93,1.18
2025-06-16,1.36,1.47,1.49,1.44,1.39,1.34,1.38,1.52,1.76,2.06,2.29,2.41,2.4,2.27,2.04,1.68,1.28,0.88,0.56,0.4,0.39,0.56,0.8,1.05
2025-06-17,1.27,1.42,1.52,1.53,1.48,1.42,1.36,1.39,1.51,1.74,1.99,2.19,2.29,2.27,2.14,1.9,1.57,1.2,0.83,0.58,0.46,0.51,0.7,0.94
2025-06-18,1.18,1.38,1.52,1.6,1.59,1.54,1.44,1.36,1.36,1.45,1.64,1.86,2.03,2.12,2.11,2.0,1.78,1.49,1.15,0.84,0.63,0.56,0.65,0.86
2025-06-19,1.11,1.34,1.52,1.65,1.71,1.69,1.59,1.45,1.32,1.26,1.3,1.46,1.65,1.82,1.92,1.93,1.85,1.68,1.43,1.14,0.89,0.73,0.7,0.83
2025-06-20,1.05,1.31,1.55,1.72,1.83,1.86,1.79,1.63,1.42,1.22,1.09,1.09,1.21,1.4,1.58,1.7,1.75,1.72,1.6,1.4,1.17,0.97,0.85,0.86
2025-06-21,1.02,1.27,1.56,1.8,1.96,2.04,2.02,1.89,1.65,1.36,1.08,0.88,0.83,0.93,1.12,1.32,1.48,1.58,1.61,1.54,1.41,1.22,1.07,0.98
2025-06-22,1.03,1.23,1.52,1.83,2.07,2.22,2.25,2.17,1.96,1.64,1.26,0.9,0.64,0.56,0.65,0.86,1.09,1.3,1.46,1.53,1.52,1.42,1.28,1.15
2025-06-23,1.1,1.19,1.43,1.76,2.1,2.33,2.46,2.44,2.29,2.01,1.6,1.15,0.72,0.42,0.32,0.4,0.64,0.92,1.17,1.37,1.49,1.51,1.44,1.32
2025-06-24,1.22,1.19,1.33,1.61,1.98,2.32,2.55,2.64,2.57,2.36,2.02,1.55,1.05,0.57,0.24,0.13,0.24,0.51,0.81,1.11,1.34,1.48,1.52,1.45
2025-06-25,1.34,1.25,1.26,1.45,1.75,2.15,2.48,2.69,2.74,2.63,2.39,2.0,1.49,0.95,0.45,0.12,0.02,0.17,0.47,0.8,1.12,1.36,1.49,1.52
2025-06-26,1.43,1.34,1.26,1.31,1.52,1.85,2.26,2.56,2.75,2.76,2.63,2.37,1.94,1.42,0.86,0.37,0.07,0.0,0.19,0.51,0.86,1.18,1.4,1.51
2025-06-27,1.5,1.41,1.32,1.26,1.35,1.57,1.92,2.3,2.58,2.73,2.71,2.57,2.29,1.85,1.33,0.78,0.33,0.08,0.07,0.31,0.63,0.98,1.27,1.45
2025-06-28,1.53,1.48,1.39,1.3,1.26,1.37,1.6,1.95,2.29,2.53,2.64,2.6,2.45,2.15,1.72,1.22,0.71,0.33,0.14,0.21,0.48,0.8,1.13,1.36
2025-06-29,1.5,1.54,1.46,1.38,1.28,1.27,1.39,1.62,1.96,2.24,2.43,2.5,2.44,2.28,1.97,1.56,1.1,0.65,0.36,0.26,0.41,0.68,0.99,1.27
2025-06-30,1.45,1.55,1.55,1.47,1.37,1.28,1.29,1.41,1.64,1.92,2.14,2.29,2.31,2.24,2.07,1.77,1.39,0.98,0.64,0.44,0.44,0.63,0.9,1.18
2025-07-01,1.41,1.54,1.6,1.57,1.49,1.39,1.3,1.31,1.41,1.61,1.83,2.0,2.09,2.08,2.01,1.83,1.57,1.25,0.92,0.67,0.57,0.64,0.85,1.11
2025-07-02,1.36,1.53,1.63,1.66,1.61,1.52,1.41,1.32,1.31,1.39,1.53,1.69,1.8,1.85,1.84,1.77,1.62,1.4,1.15,0.91,0.76,0.74,0.86,1.07
2025-07-03,1.31,1.52,1.66,1.73,1.74,1.67,1.56,1.42,1.32,1.27,1.31,1.4,1.5,1.57,1.61,1.6,1.55,1.44,1.29,1.11,0.96,0.89,0.92,1.06
2025-07-04,1.28,1.49,1.68,1.8,1.84,1.82,1.72,1.58,1.41,1.27,1.18,1.17,1.21,1.28,1.34,1.39,1.41,1.4,1.34,1.24,1.13,1.04,1.02,1.09
2025-07-05,1.25,1.47,1.67,1.85,1.94,1.96,1.9,1.76,1.57,1.35,1.17,1.04,0.98,1.0,1.06,1.14,1.21,1.28,1.32,1.31,1.26,1.19,1.14,1.15
2025-07-06,1.24,1.42,1.64,1.86,2.02,2.08,2.07,1.96,1.76,1.51,1.25,1.02,0.86,0.79,0.8,0.88,0.99,1.12,1.23,1.31,1.33,1.3,1.25,1.22
2025-07-07,1.25,1.37,1.58,1.82,2.04,2.18,2.22,2.15,1.98,1.73,1.42,1.11,0.85,0.67,0.6,0.64,0.76,0.93,1.1,1.25,1.34,1.37,1.34,1.29
2025-07-08,1.27,1.33,1.49,1.73,1.99,2.21,2.33,2.33,2.2,1.97,1.65,1.29,0.95,0.67,0.5,0.46,0.55,0.72,0.93,1.15,1.31,1.4,1.41,1.36
2025-07-09,1.3,1.29,1.39,1.59,1.87,2.16,2.37,2.46,2.4,2.21,1.92,1.55,1.15,0.78,0.5,0.36,0.37,0.52,0.75,1.01,1.23,1.39,1.45,1.42
2025-07-10,1.35,1.29,1.31,1.45,1.69,2.02,2.31,2.5,2.55,2.43,2.19,1.84,1.42,1.0,0.62,0.37,0.28,0.36,0.57,0.84,1.12,1.33,1.46,1.48
2025-07-11,1.41,1.32,1.26,1.31,1.5,1.79,2.15,2.44,2.59,2.59,2.42,2.14,1.74,1.29,0.85,0.48,0.28,0.25,0.41,0.68,0.98,1.25,1.43,1.51
2025-07-12,1.48,1.38,1.28,1.23,1.33,1.55,1.89,2.26,2.52,2.64,2.58,2.38,2.05,1.61,1.15,0.7,0.38,0.25,0.3,0.54,0.83,1.14,1.37,1.51
2025-07-13,1.54,1.46,1.34,1.23,1.21,1.34,1.6,1.97,2.32,2.55,2.62,2.52,2.29,1.92,1.46,1.0,0.58,0.33,0.27,0.42,0.71,1.02,1.3,1.48
2025-07-14,1.57,1.55,1.44,1.31,1.19,1.19,1.35,1.64,2.02,2.33,2.52,2.54,2.42,2.16,1.76,1.31,0.86,0.5,0.34,0.38,0.61,0.92,1.21,1.45
2025-07-15,1.58,1.63,1.56,1.43,1.28,1.15,1.18,1.34,1.65,2.01,2.27,2.42,2.4,2.26,1.99,1.59,1.16,0.76,0.5,0.43,0.56,0.84,1.14,1.41
2025-07-16,1.59,1.68,1.69,1.58,1.43,1.25,1.13,1.15,1.32,1.62,1.92,2.14,2.24,2.21,2.06,1.79,1.43,1.06,0.73,0.58,0.59,0.79,1.09,1.37
2025-07-17,1.6,1.73,1.79,1.75,1.63,1.45,1.24,1.11,1.11,1.25,1.5,1.74,1.93,2.0,1.97,1.84,1.6,1.31,1.02,0.8,0.72,0.81,1.05,1.33
2025-07-18,1.59,1.78,1.88,1.91,1.84,1.69,1.47,1.23,1.07,1.02,1.11,1.31,1.5,1.65,1.72,1.72,1.63,1.47,1.26,1.05,0.93,0.92,1.05,1.3
2025-07-19,1.57,1.8,1.96,2.04,2.04,1.94,1.76,1.5,1.22,1.0,0.89,0.92,1.05,1.21,1.35,1.44,1.49,1.47,1.39,1.27,1.15,1.09,1.12,1.27
2025-07-20,1.51,1.77,2.0,2.14,2.21,2.18,2.06,1.83,1.52,1.19,0.9,0.72,0.69,0.77,0.92,1.08,1.21,1.32,1.38,1.38,1.33,1.27,1.24,1.28
2025-07-21,1.43,1.67,1.93,2.16,2.31,2.37,2.32,2.16,1.9,1.53,1.14,0.78,0.54,0.46,0.52,0.68,0.87,1.07,1.24,1.36,1.42,1.41,1.37,1.34
2025-07-22,1.38,1.53,1.77,2.05,2.3,2.46,2.51,2.44,2.25,1.94,1.53,1.08,0.66,0.38,0.26,0.33,0.52,0.77,1.03,1.25,1.4,1.48,1.46,1.41
2025-07-23,1.38,1.41,1.57,1.82,2.13,2.4,2.57,2.62,2.53,2.32,1.96,1.51,1.01,0.55,0.24,0.13,0.23,0.48,0.78,1.08,1.32,1.47,1.52,1.48
2025-07-24,1.41,1.35,1.38,1.55,1.83,2.19,2.47,2.65,2.69,2.58,2.34,1.94,1.46,0.93,0.45,0.16,0.08,0.25,0.55,0.89,1.21,1.42,1.54,1.54
2025-07-25,1.45,1.36,1.28,1.33,1.52,1.84,2.22,2.51,2.69,2.69,2.57,2.3,1.87,1.37,0.83,0.38,0.13,0.13,0.37,0.71,1.07,1.36,1.53,1.59
2025-07-26,1.52,1.41,1.28,1.2,1.28,1.5,1.87,2.24,2.52,2.66,2.64,2.5,2.19,1.75,1.24,0.71,0.34,0.17,0.27,0.58,0.94,1.28,1.51,1.62
2025-07-27,1.61,1.49,1.35,1.2,1.15,1.25,1.51,1.9,2.24,2.48,2.58,2.52,2.35,2.01,1.57,1.07,0.62,0.35,0.29,0.5,0.84,1.19,1.48,1.63
2025-07-28,1.68,1.61,1.45,1.28,1.14,1.12,1.26,1.55,1.92,2.21,2.39,2.43,2.35,2.14,1.78,1.36,0.92,0.57,0.43,0.5,0.78,1.11,1.43,1.64
2025-07-29,1.73,1.71,1.59,1.42,1.23,1.11,1.13,1.3,1.59,1.89,2.12,2.23,2.22,2.11,1.88,1.54,1.17,0.82,0.61,0.59,0.76,1.07,1.38,1.63
2025-07-30,1.76,1.79,1.72,1.57,1.39,1.21,1.12,1.16,1.33,1.59,1.81,1.97,2.02,1.97,1.85,1.62,1.33,1.04,0.81,0.74,0.82,1.05,1.34,1.6
2025-07-31,1.78,1.85,1.83,1.73,1.56,1.37,1.2,1.13,1.18,1.32,1.51,1.66,1.75,1.77,1.71,1.59,1.41,1.2,1.01,0.9,0.92,1.07,1.32,1.57
2025-08-01,1.77,1.89,1.91,1.86,1.74,1.56,1.37,1.21,1.14,1.16,1.25,1.37,1.46,1.51,1.51,1.47,1.39,1.28,1.16,1.07,1.05,1.14,1.31,1.53
2025-08-02,1.74,1.9,1.98,1.97,1.9,1.76,1.57,1.37,1.21,1.11,1.09,1.12,1.18,1.23,1.27,1.3,1.3,1.29,1.25,1.21,1.19,1.22,1.33,1.5
2025-08-03,1.69,1.87,1.99,2.06,2.03,1.95,1.79,1.59,1.37,1.17,1.04,0.97,0.95,0.98,1.02,1.09,1.16,1.22,1.27,1.29,1.3,1.31,1.36,1.47
2025-08-04,1.62,1.8,1.96,2.09,2.14,2.11,2.01,1.82,1.59,1.33,1.1,0.92,0.81,0.77,0.79,0.86,0.98,1.11,1.24,1.33,1.38,1.4,1.4,1.45
2025-08-05,1.54,1.69,1.87,2.05,2.19,2.24,2.2,2.07,1.84,1.56,1.26,0.99,0.77,0.64,0.6,0.65,0.79,0.97,1.15,1.32,1.42,1.46,1.46,1.44
2025-08-06,1.47,1.56,1.73,1.94,2.15,2.31,2.36,2.29,2.11,1.84,1.51,1.17,0.85,0.61,0.48,0.48,0.6,0.8,1.04,1.26,1.42,1.51,1.51,1.47
2025-08-07,1.43,1.44,1.56,1.76,2.02,2.27,2.44,2.47,2.37,2.14,1.82,1.44,1.05,0.7,0.47,0.37,0.43,0.63,0.9,1.17,1.39,1.53,1.56,1.51
2025-08-08,1.42,1.36,1.38,1.53,1.79,2.11,2.39,2.56,2.56,2.41,2.14,1.76,1.33,0.91,0.55,0.35,0.32,0.48,0.75,1.06,1.34,1.53,1.61,1.57
2025-08-09,1.46,1.34,1.25,1.31,1.51,1.84,2.21,2.5,2.65,2.61,2.43,2.1,1.67,1.21,0.76,0.44,0.3,0.37,0.62,0.94,1.27,1.51,1.64,1.66
2025-08-10,1.55,1.39,1.22,1.14,1.25,1.5,1.9,2.3,2.57,2.69,2.61,2.39,2.01,1.54,1.06,0.62,0.37,0.33,0.52,0.84,1.19,1.49,1.67,1.73
2025-08-11,1.67,1.49,1.29,1.1,1.05,1.2,1.52,1.96,2.34,2.59,2.65,2.54,2.28,1.86,1.38,0.9,0.53,0.39,0.47,0.76,1.12,1.45,1.7,1.8
2025-08-12,1.8,1.66,1.43,1.18,0.99,0.98,1.17,1.54,1.98,2.32,2.52,2.53,2.4,2.1,1.67,1.21,0.78,0.53,0.51,0.71,1.07,1.42,1.71,1.87
2025-08-13,1.91,1.84,1.63,1.37,1.09,0.91,0.94,1.16,1.54,1.93,2.21,2.36,2.34,2.19,1.88,1.48,1.07,0.74,0.63,0.73,1.02,1.39,1.7,1.93
2025-08-14,2.01,2.0,1.86,1.62,1.33,1.03,0.88,0.91,1.13,1.48,1.8,2.02,2.11,2.08,1.93,1.65,1.32,1.01,0.82,0.82,1.01,1.35,1.69,1.94
2025-08-15,2.09,2.12,2.06,1.88,1.62,1.31,1.02,0.87,0.88,1.07,1.35,1.58,1.76,1.82,1.79,1.67,1.47,1.25,1.05,0.98,1.07,1.31,1.64,1.92
2025-08-16,2.12,2.21,2.2,2.11,1.92,1.65,1.33,1.04,0.86,0.83,0.96,1.14,1.32,1.45,1.52,1.53,1.48,1.38,1.26,1.18,1.2,1.33,1.56,1.84
2025-08-17,2.07,2.23,2.28,2.27,2.17,1.98,1.71,1.38,1.07,0.85,0.75,0.79,0.9,1.04,1.16,1.26,1.34,1.37,1.38,1.36,1.35,1.4,1.52,1.72
2025-08-18,1.94,2.14,2.28,2.34,2.33,2.24,2.06,1.79,1.44,1.1,0.81,0.65,0.61,0.67,0.79,0.94,1.1,1.25,1.37,1.45,1.48,1.5,1.53,1.62
2025-08-19,1.77,1.96,2.15,2.3,2.39,2.41,2.34,2.16,1.87,1.5,1.11,0.76,0.53,0.44,0.48,0.63,0.84,1.06,1.27,1.44,1.54,1.57,1.57,1.56
2025-08-20,1.61,1.73,1.91,2.13,2.33,2.45,2.5,2.43,2.24,1.93,1.52,1.08,0.68,0.41,0.31,0.39,0.59,0.86,1.14,1.38,1.54,1.62,1.61,1.56
2025-08-21,1.5,1.51,1.63,1.84,2.12,2.36,2.52,2.58,2.5,2.29,1.94,1.5,1.02,0.59,0.32,0.26,0.4,0.68,1.0,1.3,1.52,1.64,1.66,1.58
2025-08-22,1.47,1.37,1.38,1.52,1.79,2.12,2.4,2.58,2.62,2.52,2.29,1.9,1.43,0.92,0.51,0.28,0.3,0.54,0.88,1.23,1.5,1.66,1.72,1.64
2025-08-23,1.5,1.34,1.22,1.25,1.44,1.78,2.15,2.44,2.61,2.61,2.49,2.21,1.79,1.3,0.8,0.45,0.32,0.45,0.77,1.14,1.48,1.69,1.78,1.74
2025-08-24,1.59,1.4,1.19,1.09,1.17,1.42,1.81,2.18,2.45,2.57,2.54,2.38,2.05,1.61,1.13,0.69,0.45,0.45,0.7,1.07,1.44,1.72,1.84,1.85
2025-08-25,1.72,1.51,1.27,1.06,1.01,1.14,1.45,1.86,2.19,2.41,2.47,2.4,2.19,1.83,1.4,0.96,0.64,0.54,0.68,1.02,1.39,1.71,1.9,1.94
2025-08-26,1.87,1.66,1.41,1.15,0.98,0.99,1.17,1.52,1.88,2.15,2.31,2.31,2.2,1.95,1.59,1.2,0.85,0.69,0.73,0.99,1.36,1.69,1.93,2.02
2025-08-27,1.98,1.83,1.58,1.31,1.06,0.94,1.01,1.23,1.57,1.85,2.06,2.14,2.1,1.96,1.69,1.37,1.06,0.85,0.84,1.01,1.33,1.67,1.93,2.07
2025-08-28,2.08,1.97,1.77,1.5,1.23,1.01,0.95,1.05,1.28,1.56,1.77,1.9,1.92,1.86,1.71,1.47,1.23,1.03,0.97,1.07,1.31,1.64,1.91,2.09
2025-08-29,2.14,2.08,1.93,1.69,1.43,1.18,1.01,0.98,1.09,1.29,1.48,1.62,1.7,1.69,1.63,1.5,1.33,1.19,1.11,1.16,1.34,1.6,1.87,2.07
2025-08-30,2.17,2.16,2.05,1.88,1.64,1.39,1.16,1.03,1.01,1.09,1.23,1.35,1.43,1.48,1.48,1.44,1.37,1.29,1.25,1.27,1.38,1.58,1.81,2.01
2025-08-31,2.14,2.19,2.15,2.03,1.85,1.62,1.38,1.18,1.04,1.01,1.04,1.11,1.18,1.24,1.29,1.32,1.34,1.34,1.35,1.38,1.45,1.57,1.74,1.92
2025-09-01,2.07,2.16,2.19,2.14,2.02,1.85,1.63,1.4,1.19,1.04,0.96,0.94,0.96,1.0,1.07,1.16,1.25,1.33,1.4,1.46,1.52,1.59,1.69,1.82
2025-09-02,1.95,2.08,2.16,2.2,2.17,2.06,1.89,1.67,1.42,1.18,0.99,0.87,0.8,0.8,0.86,0.97,1.12,1.27,1.41,1.51,1.58,1.62,1.65,1.72
2025-09-03,1.81,1.93,2.07,2.18,2.25,2.24,2.14,1.95,1.7,1.42,1.14,0.91,0.74,0.66,0.68,0.78,0.96,1.18,1.38,1.54,1.63,1.66,1.65,1.64
2025-09-04,1.66,1.75,1.89,2.07,2.24,2.34,2.34,2.23,2.01,1.72,1.39,1.06,0.79,0.61,0.55,0.62,0.8,1.06,1.31,1.53,1.66,1.71,1.67,1.6
2025-09-05,1.53,1.55,1.65,1.86,2.11,2.33,2.46,2.46,2.32,2.06,1.71,1.33,0.96,0.66,0.5,0.5,0.66,0.93,1.23,1.5,1.68,1.76,1.72,1.61
2025-09-06,1.47,1.37,1.4,1.56,1.85,2.18,2.44,2.58,2.55,2.37,2.06,1.66,1.24,0.83,0.55,0.46,0.55,0.82,1.15,1.47,1.71,1.82,1.82,1.68
2025-09-07,1.49,1.29,1.18,1.25,1.49,1.87,2.25,2.53,2.66,2.59,2.38,2.02,1.57,1.11,0.71,0.5,0.5,0.72,1.07,1.43,1.73,1.89,1.93,1.82
2025-09-08,1.6,1.33,1.09,1.0,1.13,1.45,1.9,2.3,2.58,2.66,2.57,2.32,1.91,1.44,0.98,0.64,0.54,0.67,1.01,1.4,1.74,1.98,2.05,2.0
2025-09-09,1.79,1.48,1.16,0.89,0.85,1.04,1.44,1.92,2.3,2.54,2.58,2.46,2.18,1.74,1.29,0.87,0.65,0.69,0.95,1.37,1.75,2.04,2.18,2.17
2025-09-10,2.02,1.72,1.36,0.99,0.74,0.75,1.0,1.44,1.88,2.22,2.41,2.42,2.28,1.97,1.56,1.16,0.84,0.78,0.95,1.32,1.75,2.08,2.29,2.33
2025-09-11,2.24,2.01,1.65,1.25,0.86,0.66,0.71,0.98,1.4,1.78,2.06,2.2,2.19,2.04,1.74,1.4,1.09,0.93,1.01,1.27,1.69,2.07,2.33,2.45
2025-09-12,2.41,2.26,1.97,1.59,1.18,0.81,0.65,0.7,0.96,1.31,1.61,1.83,1.93,1.92,1.79,1.56,1.32,1.14,1.12,1.29,1.61,2.0,2.3,2.47
2025-09-13,2.51,2.43,2.25,1.94,1.57,1.16,0.83,0.68,0.71,0.92,1.17,1.4,1.57,1.65,1.67,1.59,1.46,1.34,1.28,1.36,1.56,1.87,2.19,2.4
2025-09-14,2.51,2.5,2.41,2.23,1.94,1.59,1.21,0.9,0.72,0.7,0.83,0.99,1.17,1.31,1.41,1.47,1.48,1.46,1.44,1.47,1.58,1.77,2.02,2.24
2025-09-15,2.39,2.47,2.45,2.38,2.23,1.98,1.66,1.3,0.99,0.76,0.68,0.72,0.82,0.96,1.11,1.25,1.38,1.48,1.54,1.59,1.64,1.73,1.86,2.03
2025-09-16,2.18,2.31,2.38,2.4,2.37,2.26,2.06,1.76,1.4,1.06,0.78,0.63,0.6,0.67,0.82,1.0,1.21,1.4,1.56,1.66,1.72,1.74,1.76,1.82
2025-09-17,1.92,2.05,2.19,2.3,2.38,2.39,2.32,2.14,1.84,1.47,1.09,0.77,0.57,0.51,0.6,0.79,1.03,1.28,1.51,1.67,1.77,1.78,1.74,1.68
2025-09-18,1.68,1.75,1.9,2.09,2.26,2.39,2.44,2.38,2.2,1.89,1.49,1.08,0.72,0.51,0.49,0.63,0.88,1.17,1.45,1.66,1.79,1.82,1.75,1.64
2025-09-19,1.52,1.49,1.58,1.77,2.03,2.26,2.43,2.48,2.41,2.21,1.87,1.45,1.01,0.66,0.5,0.54,0.77,1.09,1.41,1.67,1.82,1.88,1.81,1.66
2025-09-20,1.47,1.32,1.3,1.43,1.71,2.02,2.29,2.46,2.49,2.39,2.15,1.78,1.35,0.91,0.62,0.55,0.7,1.02,1.37,1.68,1.88,1.95,1.9,1.73
2025-09-21,1.51,1.27,1.12,1.15,1.36,1.7,2.05,2.31,2.45,2.45,2.32,2.03,1.64,1.2,0.83,0.64,0.69,0.96,1.34,1.69,1.94,2.05,2.03,1.87
2025-09-22,1.62,1.33,1.08,0.98,1.07,1.35,1.73,2.07,2.3,2.4,2.35,2.17,1.85,1.46,1.06,0.8,0.75,0.93,1.3,1.68,1.98,2.15,2.15,2.03
2025-09-23,1.78,1.47,1.15,0.92,0.89,1.06,1.4,1.76,2.06,2.25,2.29,2.21,1.98,1.64,1.29,0.98,0.86,0.96,1.26,1.65,1.99,2.21,2.26,2.18
2025-09-24,1.97,1.65,1.31,0.99,0.83,0.87,1.1,1.45,1.77,2.02,2.14,2.14,2.02,1.76,1.46,1.17,0.99,1.03,1.25,1.62,1.98,2.23,2.35,2.29
2025-09-25,2.13,1.84,1.5,1.15,0.88,0.8,0.9,1.17,1.49,1.74,1.93,1.99,1.96,1.81,1.57,1.33,1.14,1.12,1.28,1.58,1.94,2.22,2.38,2.39
2025-09-26,2.26,2.03,1.7,1.35,1.03,0.83,0.82,0.96,1.22,1.48,1.67,1.8,1.82,1.77,1.62,1.44,1.29,1.22,1.32,1.56,1.88,2.19,2.37,2.43
2025-09-27,2.35,2.17,1.9,1.57,1.25,0.97,0.84,0.87,1.02,1.23,1.42,1.56,1.64,1.66,1.6,1.5,1.39,1.34,1.39,1.56,1.82,2.11,2.32,2.42
2025-09-28,2.4,2.27,2.06,1.79,1.48,1.19,0.97,0.88,0.91,1.04,1.19,1.32,1.43,1.49,1.52,1.5,1.46,1.44,1.47,1.59,1.77,2.01,2.22,2.36
2025-09-29,2.39,2.33,2.19,1.98,1.72,1.45,1.19,1.0,0.92,0.93,1.01,1.11,1.21,1.3,1.38,1.44,1.47,1.51,1.55,1.63,1.75,1.91,2.09,2.24
2025-09-30,2.32,2.32,2.26,2.13,1.94,1.71,1.45,1.22,1.03,0.93,0.9,0.93,1.0,1.09,1.21,1.33,1.44,1.54,1.62,1.69,1.77,1.85,1.96,2.08
2025-10-01,2.17,2.24,2.26,2.23,2.13,1.96,1.74,1.49,1.25,1.04,0.9,0.84,0.84,0.91,1.02,1.19,1.36,1.52,1.65,1.74,1.79,1.82,1.85,1.9
2025-10-02,1.98,2.08,2.17,2.24,2.25,2.18,2.03,1.8,1.53,1.26,1.02,0.84,0.76,0.76,0.86,1.04,1.26,1.48,1.66,1.78,1.83,1.82,1.78,1.74
2025-10-03,1.76,1.84,1.98,2.14,2.26,2.32,2.26,2.11,1.86,1.56,1.24,0.96,0.76,0.68,0.74,0.91,1.15,1.42,1.66,1.82,1.89,1.86,1.76,1.64
2025-10-04,1.55,1.56,1.69,1.9,2.14,2.33,2.41,2.36,2.18,1.89,1.55,1.19,0.88,0.69,0.67,0.81,1.07,1.37,1.66,1.87,1.97,1.94,1.81,1.62
2025-10-05,1.41,1.3,1.35,1.55,1.86,2.17,2.4,2.49,2.42,2.22,1.89,1.5,1.11,0.8,0.68,0.74,0.99,1.34,1.67,1.94,2.07,2.08,1.94,1.69
2025-10-06,1.41,1.15,1.04,1.15,1.44,1.84,2.2,2.44,2.52,2.43,2.2,1.83,1.42,1.03,0.77,0.75,0.94,1.3,1.69,2.01,2.21,2.25,2.14,1.89
2025-10-07,1.54,1.17,0.87,0.81,0.98,1.36,1.81,2.18,2.42,2.48,2.38,2.11,1.73,1.32,0.97,0.82,0.93,1.24,1.68,2.06,2.33,2.44,2.37,2.16
2025-10-08,1.79,1.36,0.93,0.65,0.64,0.87,1.31,1.76,2.11,2.33,2.36,2.25,1.97,1.6,1.24,0.98,0.98,1.2,1.62,2.08,2.4,2.59,2.59,2.43
2025-10-09,2.13,1.68,1.2,0.75,0.5,0.53,0.81,1.26,1.67,1.99,2.17,2.19,2.07,1.8,1.48,1.2,1.08,1.22,1.54,2.01,2.41,2.66,2.75,2.65
2025-10-10,2.43,2.06,1.57,1.07,0.64,0.44,0.5,0.79,1.19,1.54,1.82,1.96,1.99,1.87,1.64,1.42,1.25,1.27,1.5,1.87,2.31,2.62,2.79,2.79
2025-10-11,2.64,2.38,1.98,1.5,1.01,0.62,0.46,0.52,0.78,1.1,1.39,1.62,1.75,1.79,1.7,1.55,1.43,1.38,1.5,1.76,2.13,2.48,2.7,2.79
2025-10-12,2.73,2.57,2.31,1.92,1.48,1.02,0.68,0.52,0.56,0.77,1.0,1.24,1.44,1.56,1.63,1.6,1.55,1.52,1.56,1.71,1.95,2.26,2.51,2.64
2025-10-13,2.68,2.61,2.47,2.24,1.9,1.51,1.1,0.79,0.61,0.61,0.74,0.91,1.11,1.29,1.44,1.54,1.59,1.63,1.65,1.72,1.85,2.03,2.24,2.4
2025-10-14,2.5,2.52,2.48,2.38,2.2,1.93,1.58,1.21,0.9,0.69,0.64,0.7,0.84,1.02,1.21,1.4,1.55,1.66,1.74,1.79,1.83,1.89,1.99,2.11
2025-10-15,2.22,2.3,2.35,2.36,2.32,2.2,1.98,1.66,1.31,0.98,0.74,0.65,0.68,0.82,1.01,1.23,1.45,1.64,1.78,1.85,1.86,1.84,1.82,1.84
2025-10-16,1.9,2.0,2.12,2.22,2.29,2.3,2.21,2.02,1.72,1.37,1.02,0.77,0.66,0.7,0.87,1.1,1.36,1.6,1.79,1.9,1.92,1.86,1.76,1.66
2025-10-17,1.63,1.68,1.81,1.98,2.13,2.25,2.28,2.21,2.02,1.72,1.37,1.02,0.78,0.7,0.79,1.01,1.29,1.57,1.8,1.94,1.99,1.93,1.78,1.59
2025-10-18,1.44,1.4,1.49,1.67,1.89,2.09,2.23,2.27,2.18,1.98,1.67,1.32,0.99,0.79,0.79,0.96,1.25,1.56,1.83,2.01,2.07,2.02,1.85,1.62
2025-10-19,1.38,1.21,1.2,1.34,1.59,1.86,2.07,2.21,2.22,2.12,1.89,1.58,1.24,0.95,0.85,0.95,1.22,1.56,1.87,2.09,2.18,2.14,1.98,1.72
2025-10-20,1.42,1.15,1.01,1.05,1.26,1.56,1.84,2.06,2.17,2.16,2.03,1.77,1.46,1.15,0.97,0.98,1.19,1.54,1.89,2.16,2.3,2.28,2.14,1.87
2025-10-21,1.54,1.2,0.94,0.86,0.97,1.24,1.56,1.83,2.03,2.1,2.06,1.9,1.63,1.35,1.11,1.05,1.19,1.51,1.89,2.2,2.39,2.42,2.3,2.06
2025-10-22,1.71,1.34,0.99,0.78,0.77,0.95,1.26,1.57,1.82,1.98,2.02,1.95,1.75,1.5,1.27,1.15,1.22,1.47,1.85,2.2,2.43,2.52,2.44,2.24
2025-10-23,1.91,1.52,1.13,0.82,0.69,0.76,0.99,1.3,1.57,1.79,1.91,1.92,1.81,1.61,1.41,1.26,1.27,1.46,1.79,2.16,2.44,2.58,2.55,2.38
2025-10-24,2.11,1.73,1.33,0.96,0.72,0.67,0.79,1.06,1.33,1.57,1.74,1.82,1.8,1.68,1.51,1.38,1.33,1.46,1.73,2.08,2.4,2.58,2.62,2.5
2025-10-25,2.27,1.94,1.55,1.17,0.84,0.68,0.7,0.86,1.11,1.34,1.54,1.67,1.72,1.69,1.57,1.47,1.41,1.48,1.69,1.98,2.31,2.54,2.63,2.57
2025-10-26,2.39,2.12,1.77,1.4,1.05,0.79,0.7,0.75,0.92,1.14,1.33,1.5,1.59,1.63,1.59,1.53,1.49,1.52,1.66,1.89,2.17,2.43,2.57,2.58
2025-10-27,2.47,2.26,1.98,1.64,1.29,0.99,0.8,0.74,0.8,0.96,1.14,1.3,1.43,1.52,1.56,1.56,1.55,1.58,1.66,1.83,2.04,2.27,2.45,2.52
2025-10-28,2.49,2.35,2.14,1.86,1.55,1.25,0.99,0.83,0.78,0.84,0.97,1.11,1.26,1.38,1.48,1.55,1.59,1.64,1.7,1.8,1.94,2.1,2.27,2.38
2025-10-29,2.42,2.37,2.25,2.05,1.8,1.52,1.25,1.01,0.86,0.81,0.85,0.95,1.08,1.22,1.37,1.5,1.6,1.69,1.75,1.81,1.87,1.96,2.07,2.18
2025-10-30,2.27,2.3,2.27,2.18,2.02,1.8,1.54,1.27,1.04,0.88,0.81,0.84,0.93,1.08,1.24,1.42,1.59,1.72,1.8,1.84,1.86,1.86,1.88,1.94
2025-10-31,2.03,2.13,2.19,2.21,2.16,2.03,1.83,1.57,1.3,1.06,0.88,0.8,0.83,0.95,1.13,1.34,1.56,1.74,1.86,1.91,1.88,1.82,1.73,1.7
2025-11-01,1.74,1.85,1.99,2.12,2.19,2.18,2.08,1.88,1.61,1.32,1.06,0.87,0.8,0.87,1.05,1.28,1.54,1.77,1.93,2.0,1.96,1.84,1.68,1.52
2025-11-02,1.44,1.5,1.65,1.87,2.07,2.2,2.22,2.12,1.92,1.63,1.33,1.05,0.87,0.85,0.98,1.24,1.54,1.82,2.03,2.12,2.1,1.96,1.72,1.46
2025-11-03,1.23,1.15,1.24,1.47,1.77,2.02,2.19,2.23,2.14,1.93,1.62,1.31,1.03,0.9,0.97,1.2,1.54,1.88,2.15,2.3,2.3,2.17,1.9,1.55
2025-11-04,1.19,0.92,0.86,1.0,1.31,1.67,1.97,2.16,2.21,2.12,1.9,1.59,1.28,1.04,1.0,1.17,1.5,1.92,2.25,2.47,2.53,2.43,2.18,1.79
2025-11-05,1.35,0.92,0.64,0.61,0.81,1.18,1.57,1.89,2.09,2.14,2.05,1.83,1.53,1.26,1.1,1.17,1.44,1.87,2.3,2.59,2.74,2.69,2.49,2.14
2025-11-06,1.66,1.15,0.68,0.42,0.43,0.67,1.08,1.47,1.79,1.98,2.03,1.96,1.73,1.48,1.27,1.21,1.39,1.75,2.22,2.61,2.84,2.9,2.77,2.5
2025-11-07,2.07,1.54,0.99,0.52,0.3,0.33,0.61,1.0,1.36,1.67,1.85,1.91,1.84,1.64,1.45,1.32,1.38,1.64,2.04,2.5,2.81,2.97,2.94,2.76
2025-11-08,2.45,1.98,1.44,0.89,0.45,0.26,0.31,0.59,0.95,1.28,1.56,1.73,1.79,1.72,1.58,1.47,1.42,1.57,1.86,2.26,2.65,2.88,2.97,2.88
2025-11-09,2.68,2.36,1.89,1.38,0.85,0.47,0.3,0.36,0.62,0.91,1.22,1.47,1.62,1.69,1.64,1.57,1.52,1.56,1.74,2.01,2.37,2.66,2.82,2.85
2025-11-10,2.75,2.56,2.25,1.83,1.35,0.88,0.55,0.39,0.45,0.66,0.91,1.18,1.39,1.55,1.63,1.63,1.62,1.62,1.69,1.85,2.08,2.36,2.55,2.66
2025-11-11,2.66,2.58,2.42,2.15,1.79,1.37,0.96,0.66,0.5,0.55,0.71,0.93,1.17,1.37,1.53,1.63,1.67,1.7,1.72,1.78,1.88,2.05,2.23,2.37
2025-11-12,2.44,2.45,2.4,2.28,2.07,1.77,1.4,1.04,0.76,0.62,0.64,0.78,0.98,1.2,1.4,1.57,1.69,1.77,1.8,1.8,1.81,1.84,1.93,2.04
2025-11-13,2.14,2.21,2.24,2.23,2.16,2.0,1.75,1.43,1.11,0.85,0.72,0.74,0.87,1.07,1.29,1.5,1.68,1.81,1.88,1.88,1.82,1.76,1.72,1.74
2025-11-14,1.81,1.9,1.99,2.05,2.09,2.06,1.94,1.73,1.45,1.16,0.92,0.81,0.84,0.99,1.21,1.45,1.66,1.84,1.94,1.97,1.9,1.78,1.64,1.54
2025-11-15,1.52,1.58,1.69,1.81,1.91,1.98,1.98,1.88,1.7,1.44,1.18,0.98,0.9,0.98,1.17,1.42,1.67,1.88,2.02,2.06,2.01,1.86,1.66,1.46
2025-11-16,1.32,1.29,1.37,1.51,1.67,1.81,1.9,1.9,1.82,1.65,1.41,1.19,1.03,1.02,1.16,1.41,1.69,1.93,2.11,2.17,2.13,1.99,1.75,1.48
2025-11-17,1.23,1.09,1.09,1.21,1.39,1.58,1.74,1.84,1.84,1.76,1.59,1.38,1.18,1.09,1.17,1.39,1.69,1.98,2.2,2.3,2.27,2.14,1.89,1.58
2025-11-18,1.26,1.0,0.89,0.93,1.1,1.32,1.53,1.7,1.8,1.8,1.7,1.52,1.34,1.2,1.21,1.37,1.67,2.0,2.26,2.41,2.42,2.3,2.07,1.73
2025-11-19,1.37,1.02,0.79,0.73,0.83,1.05,1.3,1.52,1.69,1.76,1.75,1.63,1.46,1.31,1.26,1.37,1.62,1.96,2.28,2.48,2.55,2.46,2.25,1.93
2025-11-20,1.54,1.15,0.82,0.64,0.64,0.8,1.05,1.3,1.53,1.68,1.74,1.69,1.56,1.42,1.32,1.37,1.57,1.88,2.24,2.5,2.62,2.59,2.42,2.13
2025-11-21,1.75,1.33,0.94,0.66,0.56,0.62,0.83,1.09,1.34,1.55,1.67,1.7,1.62,1.5,1.4,1.38,1.52,1.79,2.14,2.46,2.64,2.68,2.56,2.31
2025-11-22,1.97,1.55,1.14,0.78,0.57,0.53,0.66,0.89,1.14,1.38,1.55,1.64,1.64,1.55,1.46,1.41,1.48,1.7,2.0,2.35,2.6,2.7,2.65,2.46
2025-11-23,2.17,1.79,1.37,0.98,0.68,0.54,0.56,0.73,0.97,1.2,1.42,1.55,1.61,1.59,1.51,1.46,1.48,1.62,1.87,2.18,2.48,2.65,2.69,2.56
2025-11-24,2.33,2.01,1.61,1.22,0.86,0.63,0.55,0.62,0.81,1.04,1.26,1.43,1.54,1.58,1.55,1.51,1.51,1.58,1.76,2.01,2.3,2.53,2.63,2.6
2025-11-25,2.44,2.18,1.85,1.47,1.1,0.8,0.63,0.59,0.69,0.89,1.1,1.3,1.44,1.53,1.57,1.55,1.55,1.58,1.68,1.86,2.09,2.34,2.5,2.55
2025-11-26,2.48,2.3,2.04,1.71,1.36,1.03,0.78,0.65,0.64,0.77,0.95,1.15,1.33,1.46,1.55,1.59,1.61,1.63,1.67,1.76,1.91,2.1,2.29,2.4
2025-11-27,2.42,2.34,2.17,1.93,1.62,1.3,1.0,0.79,0.69,0.71,0.84,1.02,1.21,1.37,1.51,1.61,1.66,1.69,1.7,1.72,1.77,1.87,2.02,2.17
2025-11-28,2.26,2.27,2.2,2.06,1.84,1.57,1.28,1.01,0.82,0.74,0.78,0.92,1.1,1.29,1.46,1.61,1.71,1.77,1.77,1.74,1.71,1.7,1.75,1.86
2025-11-29,1.99,2.09,2.12,2.09,1.98,1.8,1.55,1.28,1.04,0.87,0.81,0.87,1.02,1.23,1.43,1.62,1.77,1.86,1.88,1.83,1.72,1.61,1.53,1.54
2025-11-30,1.63,1.77,1.9,1.97,1.99,1.92,1.77,1.56,1.31,1.09,0.93,0.89,0.99,1.18,1.43,1.66,1.85,1.98,2.03,1.98,1.83,1.64,1.44,1.29
2025-12-01,1.27,1.36,1.53,1.71,1.84,1.9,1.88,1.77,1.57,1.35,1.14,1.01,1.0,1.15,1.4,1.7,1.95,2.13,2.21,2.19,2.04,1.79,1.49,1.2
2025-12-02,0.99,0.96,1.07,1.29,1.53,1.71,1.82,1.84,1.76,1.59,1.38,1.2,1.09,1.15,1.37,1.69,2.02,2.28,2.42,2.44,2.32,2.07,1.71,1.3
2025-12-03,0.93,0.69,0.66,0.8,1.08,1.36,1.59,1.75,1.8,1.75,1.59,1.4,1.24,1.19,1.32,1.61,2.0,2.35,2.59,2.68,2.61,2.4,2.05,1.59
2025-12-04,1.11,0.68,0.43,0.41,0.59,0.91,1.23,1.5,1.68,1.76,1.72,1.58,1.42,1.29,1.3,1.51,1.86,2.29,2.63,2.83,2.86,2.71,2.43,2.01
2025-12-05,1.48,0.95,0.48,0.24,0.23,0.46,0.8,1.13,1.44,1.63,1.72,1.69,1.55,1.42,1.34,1.43,1.69,2.08,2.51,2.82,2.97,2.94,2.74,2.42
2025-12-06,1.94,1.38,0.82,0.36,0.14,0.15,0.41,0.75,1.1,1.4,1.59,1.68,1.64,1.53,1.43,1.4,1.54,1.83,2.24,2.64,2.89,2.99,2.91,2.7
2025-12-07,2.35,1.85,1.3,0.74,0.32,0.12,0.17,0.44,0.77,1.12,1.39,1.57,1.65,1.59,1.51,1.45,1.46,1.64,1.93,2.33,2.66,2.86,2.92,2.81
2025-12-08,2.6,2.25,1.77,1.24,0.71,0.35,0.18,0.27,0.53,0.85,1.17,1.41,1.56,1.62,1.57,1.52,1.48,1.53,1.7,1.98,2.33,2.59,2.74,2.76
2025-12-09,2.65,2.46,2.11,1.67,1.18,0.72,0.41,0.29,0.41,0.66,0.96,1.24,1.44,1.57,1.61,1.59,1.55,1.52,1.58,1.73,1.98,2.25,2.45,2.56
2025-12-10,2.55,2.46,2.27,1.96,1.58,1.14,0.75,0.51,0.44,0.58,0.82,1.09,1.32,1.49,1.61,1.64,1.64,1.6,1.57,1.62,1.72,1.92,2.11,2.25
2025-12-11,2.32,2.31,2.24,2.07,1.81,1.48,1.12,0.81,0.63,0.62,0.76,0.98,1.22,1.42,1.58,1.68,1.71,1.71,1.66,1.61,1.61,1.67,1.8,1.92
2025-12-12,2.02,2.07,2.06,2.01,1.88,1.67,1.41,1.12,0.89,0.77,0.79,0.94,1.15,1.37,1.55,1.69,1.78,1.81,1.78,1.7,1.62,1.56,1.56,1.62
2025-12-13,1.7,1.77,1.81,1.82,1.79,1.71,1.56,1.36,1.14,0.98,0.91,0.97,1.13,1.34,1.54,1.71,1.84,1.91,1.9,1.83,1.7,1.56,1.45,1.39
2025-12-14,1.4,1.45,1.52,1.57,1.61,1.63,1.58,1.49,1.34,1.19,1.08,1.05,1.14,1.32,1.54,1.74,1.9,2.0,2.03,1.97,1.84,1.65,1.45,1.28
2025-12-15,1.18,1.17,1.22,1.3,1.39,1.46,1.52,1.51,1.46,1.35,1.24,1.17,1.18,1.31,1.52,1.76,1.96,2.1,2.16,2.12,1.99,1.79,1.53,1.27
2025-12-16,1.07,0.96,0.96,1.03,1.14,1.27,1.39,1.47,1.49,1.45,1.36,1.28,1.25,1.31,1.49,1.74,1.99,2.18,2.28,2.28,2.16,1.96,1.67,1.36
2025-12-17,1.07,0.85,0.76,0.78,0.9,1.06,1.22,1.37,1.47,1.5,1.46,1.37,1.31,1.32,1.45,1.68,1.96,2.21,2.37,2.42,2.34,2.15,1.87,1.52
2025-12-18,1.16,0.85,0.66,0.6,0.67,0.84,1.04,1.24,1.4,1.49,1.51,1.45,1.37,1.34,1.41,1.6,1.87,2.18,2.41,2.52,2.49,2.34,2.08,1.72
2025-12-19,1.33,0.96,0.67,0.51,0.51,0.64,0.85,1.08,1.3,1.45,1.52,1.5,1.43,1.37,1.37,1.51,1.75,2.07,2.37,2.55,2.6,2.5,2.28,1.96
2025-12-20,1.56,1.15,0.78,0.53,0.43,0.49,0.68,0.91,1.16,1.37,1.49,1.53,1.47,1.4,1.36,1.42,1.62,1.9,2.24,2.51,2.65,2.63,2.46,2.18
2025-12-21,1.8,1.38,0.97,0.63,0.44,0.4,0.53,0.76,1.02,1.26,1.43,1.52,1.51,1.43,1.38,1.37,1.49,1.73,2.05,2.38,2.6,2.68,2.59,2.37
2025-12-22,2.05,1.63,1.21,0.81,0.52,0.4,0.43,0.63,0.88,1.14,1.35,1.48,1.52,1.48,1.41,1.37,1.4,1.57,1.84,2.18,2.47,2.63,2.65,2.5
2025-12-23,2.24,1.88,1.46,1.05,0.68,0.47,0.41,0.52,0.76,1.01,1.26,1.42,1.51,1.52,1.46,1.4,1.38,1.45,1.65,1.93,2.25,2.49,2.6,2.56
2025-12-24,2.37,2.09,1.71,1.3,0.91,0.6,0.46,0.47,0.65,0.9,1.15,1.36,1.48,1.54,1.52,1.46,1.42,1.41,1.5,1.7,1.98,2.27,2.45,2.51
2025-12-25,2.42,2.23,1.93,1.54,1.16,0.81,0.58,0.5,0.59,0.81,1.05,1.28,1.44,1.54,1.58,1.54,1.49,1.44,1.43,1.53,1.71,1.97,2.2,2.34
2025-12-26,2.36,2.25,2.06,1.76,1.41,1.06,0.76,0.61,0.6,0.74,0.98,1.21,1.41,1.54,1.62,1.63,1.59,1.53,1.46,1.44,1.51,1.66,1.88,2.07
2025-12-27,2.17,2.17,2.07,1.88,1.61,1.31,1.01,0.79,0.7,0.74,0.93,1.16,1.38,1.55,1.66,1.73,1.72,1.67,1.57,1.46,1.4,1.42,1.54,1.71
2025-12-28,1.86,1.95,1.94,1.87,1.72,1.5,1.26,1.02,0.87,0.83,0.92,1.12,1.35,1.57,1.73,1.83,1.87,1.84,1.74,1.58,1.42,1.3,1.26,1.33
2025-12-29,1.46,1.59,1.69,1.71,1.69,1.59,1.44,1.26,1.09,0.99,0.99,1.11,1.33,1.57,1.79,1.94,2.03,2.04,1.97,1.81,1.58,1.34,1.13,1.03
2025-12-30,1.05,1.16,1.3,1.42,1.5,1.53,1.51,1.43,1.31,1.19,1.12,1.14,1.3,1.53,1.8,2.04,2.19,2.25,2.22,2.09,1.85,1.54,1.21,0.93
2025-12-31,0.77,0.75,0.85,1.02,1.19,1.33,1.43,1.47,1.45,1.37,1.28,1.24,1.28,1.46,1.73,2.03,2.28,2.43,2.47,2.39,2.19,1.88,1.48,1.07
